Model,NodeFeat,Heuristic,Test_Loss
LINKX,adjacency,CN,0.007832060568034649
LINKX,original,CN,0.011023899540305138
LINKX,one-hot,CN,0.007349513471126556
LINKX,random,CN,0.009209787473082542
